variant,hit_rate,avg_latency_ms,p95_latency_ms,p99_latency_ms,queries_per_second,total_queries,total_time_s,avg_memory_mb,avg_cpu_percent
baseline,0.15,9.620094299316406,13.704693317413328,14.250986576080322,101.01340847377008,40,0.39598703384399414,800.25615234375,1059.24
context,0.15,9.591060876846313,12.52351999282837,12.587099075317383,101.02764208842771,40,0.3959312438964844,870.78271484375,1066.33
pca,0.15,7.786798477172852,9.960043430328366,12.433319091796873,124.19195949397073,40,0.3220820426940918,882.19404296875,1051.6275
tau,0.15,8.173072338104248,12.040913105010985,13.068687915802002,118.57971922052349,40,0.3373258113861084,941.346875,1090.6675
full,0.15,9.742498397827148,13.18930387496948,14.325461387634277,99.53904233247167,40,0.4018523693084717,996.21259765625,1104.2575
