variant,hit_rate,avg_latency_ms,p95_latency_ms,p99_latency_ms,queries_per_second,total_queries,total_time_s,avg_memory_mb,avg_cpu_percent
full,0.25,14.949560165405273,21.663510799407955,24.00128126144409,65.84580967874237,8,0.12149596214294434,465.69287109375,35.9875
