variant,hit_rate,avg_latency_ms,p95_latency_ms,p99_latency_ms,queries_per_second,total_queries,total_time_s,avg_memory_mb,avg_cpu_percent
context,0.05263157894736842,13.203868740483335,17.685770988464355,19.325077533721924,74.81438321168483,76,1.0158474445343018,479.5865028782895,13.344736842105263
