variant,hit_rate,avg_latency_ms,p95_latency_ms,p99_latency_ms,queries_per_second,total_queries,total_time_s,avg_memory_mb,avg_cpu_percent
full,0.05263157894736842,13.21175537611309,17.481684684753418,20.343661308288574,74.73667818389886,76,1.0169036388397217,480.4149876644737,3.5618421052631577
