variant,hit_rate,avg_latency_ms,p95_latency_ms,p99_latency_ms,queries_per_second,total_queries,total_time_s,avg_memory_mb,avg_cpu_percent
pca,0.2236842105263158,13.829977888810006,19.598841667175293,22.684097290039062,71.52028004380509,76,1.0626356601715088,471.3433902138158,2.981578947368421
